,path,value
0,./code,3548906
1,./friendlyName,sao-carlos-sp
2,./name,São Carlos
3,./evaluated,False
4,./stateAbbr,SP
5,./stateName,São Paulo
6,./regionAbbr,SE
7,./regionName,Sudeste
8,./group,2C
9,./cluster,7
10,./internalGroup,Grupo 2
11,./level,4
12,./latitude,-22.0174
13,./longitude,-47.886
14,./characterization/0/code,i4003
15,./characterization/0/sourceVersion,3
16,./characterization/0/weight,0
17,./characterization/0/value,254857
18,./characterization/0/minValue,0
19,./characterization/0/maxValue,0
20,./characterization/0/level,0
21,./characterization/0/transfValue,0
22,./characterization/0/valueExists,1
23,./characterization/0/digits,0
24,./characterization/0/outlier,False
25,./characterization/1/code,i4038
26,./characterization/1/sourceVersion,3
27,./characterization/1/weight,1
28,./characterization/1/value,Capital Regional C
29,./characterization/1/minValue,
30,./characterization/1/maxValue,
31,./characterization/1/level,0
32,./characterization/1/transfValue,0
33,./characterization/1/valueExists,1
34,./characterization/2/code,i3087
35,./characterization/2/sourceVersion,3
36,./characterization/2/weight,0
37,./characterization/2/value,55044.88
38,./characterization/2/minValue,0
39,./characterization/2/maxValue,0
40,./characterization/2/level,0
41,./characterization/2/transfValue,0
42,./characterization/2/valueExists,1
43,./characterization/2/digits,2
44,./characterization/2/outlier,False
45,./characterization/3/code,i4056
46,./characterization/3/sourceVersion,3
47,./characterization/3/weight,0
48,./characterization/3/value,170583
49,./characterization/3/minValue,0
50,./characterization/3/maxValue,0
51,./characterization/3/level,0
52,./characterization/3/transfValue,0
53,./characterization/3/valueExists,1
54,./characterization/3/digits,0
55,./characterization/3/outlier,False
56,./characterization/4/code,i4057
57,./characterization/4/sourceVersion,3
58,./characterization/4/weight,0
59,./characterization/4/value,3844335
60,./characterization/4/minValue,0
61,./characterization/4/maxValue,0
62,./characterization/4/level,0
63,./characterization/4/transfValue,0
64,./characterization/4/valueExists,1
65,./characterization/4/digits,0
66,./characterization/4/outlier,False
67,./characterization/5/code,i4058
68,./characterization/5/sourceVersion,3
69,./characterization/5/weight,0
70,./characterization/5/value,6861133
71,./characterization/5/minValue,0
72,./characterization/5/maxValue,0
73,./characterization/5/level,0
74,./characterization/5/transfValue,0
75,./characterization/5/valueExists,1
76,./characterization/5/digits,0
77,./characterization/5/outlier,False
78,./characterization/6/code,i4059
79,./characterization/6/sourceVersion,3
80,./characterization/6/weight,0
81,./characterization/6/value,1208302
82,./characterization/6/minValue,0
83,./characterization/6/maxValue,0
84,./characterization/6/level,0
85,./characterization/6/transfValue,0
86,./characterization/6/valueExists,1
87,./characterization/6/digits,0
88,./characterization/6/outlier,False
89,./characterization/7/code,i3135
90,./characterization/7/sourceVersion,3
91,./characterization/7/weight,0
92,./characterization/7/value,84817
93,./characterization/7/minValue,0
94,./characterization/7/maxValue,0
95,./characterization/7/level,0
96,./characterization/7/transfValue,0
97,./characterization/7/valueExists,1
98,./characterization/7/digits,0
99,./characterization/7/outlier,False
100,./characterization/8/code,i3025
101,./characterization/8/sourceVersion,3
102,./characterization/8/weight,0
103,./characterization/8/value,0.4986
104,./characterization/8/minValue,0
105,./characterization/8/maxValue,0
106,./characterization/8/level,0
107,./characterization/8/transfValue,0
108,./characterization/8/valueExists,1
109,./characterization/8/digits,3
110,./characterization/8/outlier,False
111,./characterization/9/code,i4001
112,./characterization/9/sourceVersion,3
113,./characterization/9/weight,0
114,./characterization/9/value,0.805
115,./characterization/9/minValue,0
116,./characterization/9/maxValue,0
117,./characterization/9/level,0
118,./characterization/9/transfValue,0
119,./characterization/9/valueExists,1
120,./characterization/9/digits,3
121,./characterization/9/outlier,False
122,./characterization/10/code,i4013
123,./characterization/10/sourceVersion,3
124,./characterization/10/weight,1
125,./characterization/10/value,
126,./characterization/10/minValue,
127,./characterization/10/maxValue,
128,./characterization/10/level,0
129,./characterization/10/transfValue,0
130,./characterization/10/valueExists,0
131,./characterizationTransDigi/0/code,i3059
132,./characterizationTransDigi/0/sourceVersion,3
133,./characterizationTransDigi/0/weight,0
134,./characterizationTransDigi/0/value,5850
135,./characterizationTransDigi/0/minValue,0
136,./characterizationTransDigi/0/maxValue,0
137,./characterizationTransDigi/0/level,0
138,./characterizationTransDigi/0/transfValue,0
139,./characterizationTransDigi/0/valueExists,1
140,./characterizationTransDigi/0/digits,0
141,./characterizationTransDigi/0/outlier,False
142,./characterizationTransDigi/1/code,i3060
143,./characterizationTransDigi/1/sourceVersion,3
144,./characterizationTransDigi/1/weight,0
145,./characterizationTransDigi/1/value,410
146,./characterizationTransDigi/1/minValue,0
147,./characterizationTransDigi/1/maxValue,0
148,./characterizationTransDigi/1/level,0
149,./characterizationTransDigi/1/transfValue,0
150,./characterizationTransDigi/1/valueExists,1
151,./characterizationTransDigi/1/digits,0
152,./characterizationTransDigi/1/outlier,False
153,./characterizationTransDigi/2/code,i4050
154,./characterizationTransDigi/2/sourceVersion,3
155,./characterizationTransDigi/2/weight,0
156,./characterizationTransDigi/2/value,1
157,./characterizationTransDigi/2/minValue,0
158,./characterizationTransDigi/2/maxValue,0
159,./characterizationTransDigi/2/level,0
160,./characterizationTransDigi/2/transfValue,0
161,./characterizationTransDigi/2/valueExists,1
162,./characterizationTransDigi/2/digits,0
163,./characterizationTransDigi/2/outlier,False
164,./characterizationTransDigi/3/code,i4051
165,./characterizationTransDigi/3/sourceVersion,3
166,./characterizationTransDigi/3/weight,0
167,./characterizationTransDigi/3/value,9
168,./characterizationTransDigi/3/minValue,0
169,./characterizationTransDigi/3/maxValue,0
170,./characterizationTransDigi/3/level,0
171,./characterizationTransDigi/3/transfValue,0
172,./characterizationTransDigi/3/valueExists,1
173,./characterizationTransDigi/3/digits,0
174,./characterizationTransDigi/3/outlier,False
175,./characterizationTransDigi/4/code,i4052
176,./characterizationTransDigi/4/sourceVersion,3
177,./characterizationTransDigi/4/weight,0
178,./characterizationTransDigi/4/value,
179,./characterizationTransDigi/4/minValue,0
180,./characterizationTransDigi/4/maxValue,0
181,./characterizationTransDigi/4/level,0
182,./characterizationTransDigi/4/transfValue,0
183,./characterizationTransDigi/4/valueExists,0
184,./characterizationTransDigi/4/digits,0
185,./characterizationTransDigi/4/outlier,False
186,./characterizationTransDigi/5/code,i4053
187,./characterizationTransDigi/5/sourceVersion,3
188,./characterizationTransDigi/5/weight,0
189,./characterizationTransDigi/5/value,2
190,./characterizationTransDigi/5/minValue,0
191,./characterizationTransDigi/5/maxValue,0
192,./characterizationTransDigi/5/level,0
193,./characterizationTransDigi/5/transfValue,0
194,./characterizationTransDigi/5/valueExists,1
195,./characterizationTransDigi/5/digits,0
196,./characterizationTransDigi/5/outlier,False
197,./characterizationTransDigi/6/code,i4054
198,./characterizationTransDigi/6/sourceVersion,3
199,./characterizationTransDigi/6/weight,0
200,./characterizationTransDigi/6/value,
201,./characterizationTransDigi/6/minValue,0
202,./characterizationTransDigi/6/maxValue,0
203,./characterizationTransDigi/6/level,0
204,./characterizationTransDigi/6/transfValue,0
205,./characterizationTransDigi/6/valueExists,0
206,./characterizationTransDigi/6/digits,0
207,./characterizationTransDigi/6/outlier,False
208,./characterizationTransDigi/7/code,i4055
209,./characterizationTransDigi/7/sourceVersion,3
210,./characterizationTransDigi/7/weight,0
211,./characterizationTransDigi/7/value,5
212,./characterizationTransDigi/7/minValue,0
213,./characterizationTransDigi/7/maxValue,0
214,./characterizationTransDigi/7/level,0
215,./characterizationTransDigi/7/transfValue,0
216,./characterizationTransDigi/7/valueExists,1
217,./characterizationTransDigi/7/digits,0
218,./characterizationTransDigi/7/outlier,False
219,./characterizationTransDigi/8/code,i4060
220,./characterizationTransDigi/8/sourceVersion,3
221,./characterizationTransDigi/8/weight,0
222,./characterizationTransDigi/8/value,14
223,./characterizationTransDigi/8/minValue,0
224,./characterizationTransDigi/8/maxValue,0
225,./characterizationTransDigi/8/level,0
226,./characterizationTransDigi/8/transfValue,0
227,./characterizationTransDigi/8/valueExists,1
228,./characterizationTransDigi/8/digits,0
229,./characterizationTransDigi/8/outlier,False
230,./characterizationInst/0/code,i6019
231,./characterizationInst/0/sourceVersion,3
232,./characterizationInst/0/weight,1
233,./characterizationInst/0/value,
234,./characterizationInst/0/minValue,
235,./characterizationInst/0/maxValue,
236,./characterizationInst/0/level,0
237,./characterizationInst/0/transfValue,0
238,./characterizationInst/0/valueExists,0
239,./characterizationInst/1/code,i6020
240,./characterizationInst/1/sourceVersion,3
241,./characterizationInst/1/weight,1
242,./characterizationInst/1/value,"Funcionários efetivos, Terceirizados"
243,./characterizationInst/1/minValue,
244,./characterizationInst/1/maxValue,
245,./characterizationInst/1/level,0
246,./characterizationInst/1/transfValue,0
247,./characterizationInst/1/valueExists,1
248,./characterizationInst/2/code,i6002
249,./characterizationInst/2/sourceVersion,3
250,./characterizationInst/2/weight,1
251,./characterizationInst/2/value,
252,./characterizationInst/2/minValue,
253,./characterizationInst/2/maxValue,
254,./characterizationInst/2/level,0
255,./characterizationInst/2/transfValue,0
256,./characterizationInst/2/valueExists,0
257,./characterizationInst/3/code,i6011
258,./characterizationInst/3/sourceVersion,3
259,./characterizationInst/3/weight,1
260,./characterizationInst/3/value,
261,./characterizationInst/3/minValue,
262,./characterizationInst/3/maxValue,
263,./characterizationInst/3/level,0
264,./characterizationInst/3/transfValue,0
265,./characterizationInst/3/valueExists,0
266,./characterizationInst/4/code,i6017
267,./characterizationInst/4/sourceVersion,3
268,./characterizationInst/4/weight,1
269,./characterizationInst/4/value,
270,./characterizationInst/4/minValue,
271,./characterizationInst/4/maxValue,
272,./characterizationInst/4/level,0
273,./characterizationInst/4/transfValue,0
274,./characterizationInst/4/valueExists,0
275,./dimensions/0/code,d2
276,./dimensions/0/level,5
277,./dimensions/0/score,74.25
278,./dimensions/0/weight,69
279,./dimensions/0/topics/0/code,t201
280,./dimensions/0/topics/0/level,7
281,./dimensions/0/topics/0/score,100.0
282,./dimensions/0/topics/0/weight,9
283,./dimensions/0/topics/0/position,0
284,./dimensions/0/topics/0/indicators/0/code,i3117
285,./dimensions/0/topics/0/indicators/0/sourceVersion,3
286,./dimensions/0/topics/0/indicators/0/weight,3
287,./dimensions/0/topics/0/indicators/0/value,100.0
288,./dimensions/0/topics/0/indicators/0/minValue,0
289,./dimensions/0/topics/0/indicators/0/maxValue,100
290,./dimensions/0/topics/0/indicators/0/level,7
291,./dimensions/0/topics/0/indicators/0/transfValue,100.0
292,./dimensions/0/topics/0/indicators/0/valueExists,1
293,./dimensions/0/topics/0/indicators/0/digits,2
294,./dimensions/0/topics/0/indicators/0/outlier,False
295,./dimensions/0/topics/0/indicators/1/code,i3127
296,./dimensions/0/topics/0/indicators/1/sourceVersion,3
297,./dimensions/0/topics/0/indicators/1/weight,3
298,./dimensions/0/topics/0/indicators/1/value,100.0
299,./dimensions/0/topics/0/indicators/1/minValue,0
300,./dimensions/0/topics/0/indicators/1/maxValue,100
301,./dimensions/0/topics/0/indicators/1/level,7
302,./dimensions/0/topics/0/indicators/1/transfValue,100.0
303,./dimensions/0/topics/0/indicators/1/valueExists,1
304,./dimensions/0/topics/0/indicators/1/digits,2
305,./dimensions/0/topics/0/indicators/1/outlier,False
306,./dimensions/0/topics/0/indicators/2/code,i3141
307,./dimensions/0/topics/0/indicators/2/sourceVersion,3
308,./dimensions/0/topics/0/indicators/2/weight,3
309,./dimensions/0/topics/0/indicators/2/value,100.0
310,./dimensions/0/topics/0/indicators/2/minValue,0
311,./dimensions/0/topics/0/indicators/2/maxValue,100
312,./dimensions/0/topics/0/indicators/2/level,7
313,./dimensions/0/topics/0/indicators/2/transfValue,100.0
314,./dimensions/0/topics/0/indicators/2/valueExists,1
315,./dimensions/0/topics/0/indicators/2/digits,2
316,./dimensions/0/topics/0/indicators/2/outlier,False
317,./dimensions/0/topics/1/code,t206
318,./dimensions/0/topics/1/level,7
319,./dimensions/0/topics/1/score,99.99
320,./dimensions/0/topics/1/weight,4
321,./dimensions/0/topics/1/position,0
322,./dimensions/0/topics/1/indicators/0/code,i3027
323,./dimensions/0/topics/1/indicators/0/sourceVersion,3
324,./dimensions/0/topics/1/indicators/0/weight,3
325,./dimensions/0/topics/1/indicators/0/value,99.99
326,./dimensions/0/topics/1/indicators/0/minValue,0
327,./dimensions/0/topics/1/indicators/0/maxValue,100
328,./dimensions/0/topics/1/indicators/0/level,7
329,./dimensions/0/topics/1/indicators/0/transfValue,99.99
330,./dimensions/0/topics/1/indicators/0/valueExists,1
331,./dimensions/0/topics/1/indicators/0/digits,2
332,./dimensions/0/topics/1/indicators/0/outlier,False
333,./dimensions/0/topics/1/indicators/1/code,i3122
334,./dimensions/0/topics/1/indicators/1/sourceVersion,3
335,./dimensions/0/topics/1/indicators/1/weight,1
336,./dimensions/0/topics/1/indicators/1/value,True
337,./dimensions/0/topics/1/indicators/1/minValue,False
338,./dimensions/0/topics/1/indicators/1/maxValue,True
339,./dimensions/0/topics/1/indicators/1/level,7
340,./dimensions/0/topics/1/indicators/1/transfValue,100
341,./dimensions/0/topics/1/indicators/1/valueExists,1
342,./dimensions/0/topics/2/code,t203
343,./dimensions/0/topics/2/level,4
344,./dimensions/0/topics/2/score,56.79
345,./dimensions/0/topics/2/weight,9
346,./dimensions/0/topics/2/position,0
347,./dimensions/0/topics/2/indicators/0/code,i3020
348,./dimensions/0/topics/2/indicators/0/sourceVersion,3
349,./dimensions/0/topics/2/indicators/0/weight,3
350,./dimensions/0/topics/2/indicators/0/value,0.07
351,./dimensions/0/topics/2/indicators/0/minValue,100
352,./dimensions/0/topics/2/indicators/0/maxValue,0
353,./dimensions/0/topics/2/indicators/0/level,7
354,./dimensions/0/topics/2/indicators/0/transfValue,99.93
355,./dimensions/0/topics/2/indicators/0/valueExists,1
356,./dimensions/0/topics/2/indicators/0/digits,2
357,./dimensions/0/topics/2/indicators/0/outlier,False
358,./dimensions/0/topics/2/indicators/1/code,i4045
359,./dimensions/0/topics/2/indicators/1/sourceVersion,3
360,./dimensions/0/topics/2/indicators/1/weight,3
361,./dimensions/0/topics/2/indicators/1/value,3
362,./dimensions/0/topics/2/indicators/1/minValue,4
363,./dimensions/0/topics/2/indicators/1/maxValue,0
364,./dimensions/0/topics/2/indicators/1/level,1
365,./dimensions/0/topics/2/indicators/1/transfValue,25.0
366,./dimensions/0/topics/2/indicators/1/valueExists,1
367,./dimensions/0/topics/2/indicators/1/digits,0
368,./dimensions/0/topics/2/indicators/1/outlier,False
369,./dimensions/0/topics/2/indicators/2/code,i4041
370,./dimensions/0/topics/2/indicators/2/sourceVersion,3
371,./dimensions/0/topics/2/indicators/2/weight,3
372,./dimensions/0/topics/2/indicators/2/value,5
373,./dimensions/0/topics/2/indicators/2/minValue,0
374,./dimensions/0/topics/2/indicators/2/maxValue,11
375,./dimensions/0/topics/2/indicators/2/level,4
376,./dimensions/0/topics/2/indicators/2/transfValue,45.45
377,./dimensions/0/topics/2/indicators/2/valueExists,1
378,./dimensions/0/topics/2/indicators/2/digits,0
379,./dimensions/0/topics/2/indicators/2/outlier,False
380,./dimensions/0/topics/3/code,t209
381,./dimensions/0/topics/3/level,3
382,./dimensions/0/topics/3/score,34.24
383,./dimensions/0/topics/3/weight,10
384,./dimensions/0/topics/3/position,0
385,./dimensions/0/topics/3/indicators/0/code,i3124
386,./dimensions/0/topics/3/indicators/0/sourceVersion,3
387,./dimensions/0/topics/3/indicators/0/weight,2
388,./dimensions/0/topics/3/indicators/0/value,7
389,./dimensions/0/topics/3/indicators/0/minValue,0
390,./dimensions/0/topics/3/indicators/0/maxValue,17
391,./dimensions/0/topics/3/indicators/0/level,3
392,./dimensions/0/topics/3/indicators/0/transfValue,41.18
393,./dimensions/0/topics/3/indicators/0/valueExists,1
394,./dimensions/0/topics/3/indicators/0/digits,0
395,./dimensions/0/topics/3/indicators/0/outlier,False
396,./dimensions/0/topics/3/indicators/1/code,i3049
397,./dimensions/0/topics/3/indicators/1/sourceVersion,3
398,./dimensions/0/topics/3/indicators/1/weight,1
399,./dimensions/0/topics/3/indicators/1/value,
400,./dimensions/0/topics/3/indicators/1/minValue,0
401,./dimensions/0/topics/3/indicators/1/maxValue,5
402,./dimensions/0/topics/3/indicators/1/level,2
403,./dimensions/0/topics/3/indicators/1/transfValue,0.0
404,./dimensions/0/topics/3/indicators/1/valueExists,0
405,./dimensions/0/topics/3/indicators/1/digits,0
406,./dimensions/0/topics/3/indicators/1/outlier,False
407,./dimensions/0/topics/3/indicators/2/code,i3076
408,./dimensions/0/topics/3/indicators/2/sourceVersion,3
409,./dimensions/0/topics/3/indicators/2/weight,1
410,./dimensions/0/topics/3/indicators/2/value,
411,./dimensions/0/topics/3/indicators/2/minValue,0
412,./dimensions/0/topics/3/indicators/2/maxValue,4
413,./dimensions/0/topics/3/indicators/2/level,2
414,./dimensions/0/topics/3/indicators/2/transfValue,0.0
415,./dimensions/0/topics/3/indicators/2/valueExists,0
416,./dimensions/0/topics/3/indicators/2/digits,0
417,./dimensions/0/topics/3/indicators/2/outlier,False
418,./dimensions/0/topics/3/indicators/3/code,i4011
419,./dimensions/0/topics/3/indicators/3/sourceVersion,3
420,./dimensions/0/topics/3/indicators/3/weight,1
421,./dimensions/0/topics/3/indicators/3/value,3
422,./dimensions/0/topics/3/indicators/3/minValue,0
423,./dimensions/0/topics/3/indicators/3/maxValue,6
424,./dimensions/0/topics/3/indicators/3/level,5
425,./dimensions/0/topics/3/indicators/3/transfValue,50.0
426,./dimensions/0/topics/3/indicators/3/valueExists,1
427,./dimensions/0/topics/3/indicators/3/digits,0
428,./dimensions/0/topics/3/indicators/3/outlier,False
429,./dimensions/0/topics/3/indicators/4/code,i4031
430,./dimensions/0/topics/3/indicators/4/sourceVersion,3
431,./dimensions/0/topics/3/indicators/4/weight,3
432,./dimensions/0/topics/3/indicators/4/value,1
433,./dimensions/0/topics/3/indicators/4/minValue,0
434,./dimensions/0/topics/3/indicators/4/maxValue,5
435,./dimensions/0/topics/3/indicators/4/level,2
436,./dimensions/0/topics/3/indicators/4/transfValue,20.0
437,./dimensions/0/topics/3/indicators/4/valueExists,1
438,./dimensions/0/topics/3/indicators/4/digits,0
439,./dimensions/0/topics/3/indicators/4/outlier,False
440,./dimensions/0/topics/3/indicators/5/code,i4046
441,./dimensions/0/topics/3/indicators/5/sourceVersion,3
442,./dimensions/0/topics/3/indicators/5/weight,2
443,./dimensions/0/topics/3/indicators/5/value,3
444,./dimensions/0/topics/3/indicators/5/minValue,0
445,./dimensions/0/topics/3/indicators/5/maxValue,4
446,./dimensions/0/topics/3/indicators/5/level,3
447,./dimensions/0/topics/3/indicators/5/transfValue,75.0
448,./dimensions/0/topics/3/indicators/5/valueExists,1
449,./dimensions/0/topics/3/indicators/5/digits,0
450,./dimensions/0/topics/3/indicators/5/outlier,False
451,./dimensions/0/topics/4/code,t210
452,./dimensions/0/topics/4/level,7
453,./dimensions/0/topics/4/score,97.57
454,./dimensions/0/topics/4/weight,3
455,./dimensions/0/topics/4/position,0
456,./dimensions/0/topics/4/indicators/0/code,i4005
457,./dimensions/0/topics/4/indicators/0/sourceVersion,3
458,./dimensions/0/topics/4/indicators/0/weight,3
459,./dimensions/0/topics/4/indicators/0/value,97.56715294662499
460,./dimensions/0/topics/4/indicators/0/minValue,0
461,./dimensions/0/topics/4/indicators/0/maxValue,100
462,./dimensions/0/topics/4/indicators/0/level,6
463,./dimensions/0/topics/4/indicators/0/transfValue,97.57
464,./dimensions/0/topics/4/indicators/0/valueExists,1
465,./dimensions/0/topics/4/indicators/0/digits,2
466,./dimensions/0/topics/4/indicators/0/outlier,False
467,./dimensions/0/topics/5/code,t204
468,./dimensions/0/topics/5/level,6
469,./dimensions/0/topics/5/score,75.72
470,./dimensions/0/topics/5/weight,15
471,./dimensions/0/topics/5/position,0
472,./dimensions/0/topics/5/indicators/0/code,i3021
473,./dimensions/0/topics/5/indicators/0/sourceVersion,3
474,./dimensions/0/topics/5/indicators/0/weight,3
475,./dimensions/0/topics/5/indicators/0/value,41.25
476,./dimensions/0/topics/5/indicators/0/minValue,0
477,./dimensions/0/topics/5/indicators/0/maxValue,100
478,./dimensions/0/topics/5/indicators/0/level,6
479,./dimensions/0/topics/5/indicators/0/transfValue,41.25
480,./dimensions/0/topics/5/indicators/0/valueExists,1
481,./dimensions/0/topics/5/indicators/0/digits,2
482,./dimensions/0/topics/5/indicators/0/outlier,False
483,./dimensions/0/topics/5/indicators/1/code,i3022
484,./dimensions/0/topics/5/indicators/1/sourceVersion,3
485,./dimensions/0/topics/5/indicators/1/weight,3
486,./dimensions/0/topics/5/indicators/1/value,112.12
487,./dimensions/0/topics/5/indicators/1/minValue,0
488,./dimensions/0/topics/5/indicators/1/maxValue,100
489,./dimensions/0/topics/5/indicators/1/level,7
490,./dimensions/0/topics/5/indicators/1/transfValue,100.0
491,./dimensions/0/topics/5/indicators/1/valueExists,1
492,./dimensions/0/topics/5/indicators/1/digits,2
493,./dimensions/0/topics/5/indicators/1/outlier,False
494,./dimensions/0/topics/5/indicators/2/code,i3040
495,./dimensions/0/topics/5/indicators/2/sourceVersion,3
496,./dimensions/0/topics/5/indicators/2/weight,2
497,./dimensions/0/topics/5/indicators/2/value,3
498,./dimensions/0/topics/5/indicators/2/minValue,0
499,./dimensions/0/topics/5/indicators/2/maxValue,3
500,./dimensions/0/topics/5/indicators/2/level,6
501,./dimensions/0/topics/5/indicators/2/transfValue,100.0
502,./dimensions/0/topics/5/indicators/2/valueExists,1
503,./dimensions/0/topics/5/indicators/2/digits,0
504,./dimensions/0/topics/5/indicators/2/outlier,False
505,./dimensions/0/topics/5/indicators/3/code,i3041
506,./dimensions/0/topics/5/indicators/3/sourceVersion,3
507,./dimensions/0/topics/5/indicators/3/weight,2
508,./dimensions/0/topics/5/indicators/3/value,True
509,./dimensions/0/topics/5/indicators/3/minValue,False
510,./dimensions/0/topics/5/indicators/3/maxValue,True
511,./dimensions/0/topics/5/indicators/3/level,6
512,./dimensions/0/topics/5/indicators/3/transfValue,100
513,./dimensions/0/topics/5/indicators/3/valueExists,1
514,./dimensions/0/topics/5/indicators/4/code,i3134
515,./dimensions/0/topics/5/indicators/4/sourceVersion,3
516,./dimensions/0/topics/5/indicators/4/weight,2
517,./dimensions/0/topics/5/indicators/4/value,3
518,./dimensions/0/topics/5/indicators/4/minValue,0
519,./dimensions/0/topics/5/indicators/4/maxValue,3
520,./dimensions/0/topics/5/indicators/4/level,6
521,./dimensions/0/topics/5/indicators/4/transfValue,100.0
522,./dimensions/0/topics/5/indicators/4/valueExists,1
523,./dimensions/0/topics/5/indicators/4/digits,0
524,./dimensions/0/topics/5/indicators/4/outlier,False
525,./dimensions/0/topics/5/indicators/5/code,i4035
526,./dimensions/0/topics/5/indicators/5/sourceVersion,3
527,./dimensions/0/topics/5/indicators/5/weight,2
528,./dimensions/0/topics/5/indicators/5/value,39.94161431704838
529,./dimensions/0/topics/5/indicators/5/minValue,0
530,./dimensions/0/topics/5/indicators/5/maxValue,100
531,./dimensions/0/topics/5/indicators/5/level,6
532,./dimensions/0/topics/5/indicators/5/transfValue,39.94
533,./dimensions/0/topics/5/indicators/5/valueExists,1
534,./dimensions/0/topics/5/indicators/5/digits,2
535,./dimensions/0/topics/5/indicators/5/outlier,False
536,./dimensions/0/topics/5/indicators/6/code,i4036
537,./dimensions/0/topics/5/indicators/6/sourceVersion,3
538,./dimensions/0/topics/5/indicators/6/weight,1
539,./dimensions/0/topics/5/indicators/6/value,45
540,./dimensions/0/topics/5/indicators/6/minValue,0
541,./dimensions/0/topics/5/indicators/6/maxValue,140
542,./dimensions/0/topics/5/indicators/6/level,2
543,./dimensions/0/topics/5/indicators/6/transfValue,32.14
544,./dimensions/0/topics/5/indicators/6/valueExists,1
545,./dimensions/0/topics/5/indicators/6/digits,0
546,./dimensions/0/topics/5/indicators/6/outlier,False
547,./dimensions/0/topics/6/code,t205
548,./dimensions/0/topics/6/level,7
549,./dimensions/0/topics/6/score,91.67
550,./dimensions/0/topics/6/weight,12
551,./dimensions/0/topics/6/position,0
552,./dimensions/0/topics/6/indicators/0/code,i4024
553,./dimensions/0/topics/6/indicators/0/sourceVersion,3
554,./dimensions/0/topics/6/indicators/0/weight,3
555,./dimensions/0/topics/6/indicators/0/value,6
556,./dimensions/0/topics/6/indicators/0/minValue,0
557,./dimensions/0/topics/6/indicators/0/maxValue,6
558,./dimensions/0/topics/6/indicators/0/level,7
559,./dimensions/0/topics/6/indicators/0/transfValue,100.0
560,./dimensions/0/topics/6/indicators/0/valueExists,1
561,./dimensions/0/topics/6/indicators/0/digits,0
562,./dimensions/0/topics/6/indicators/0/outlier,False
563,./dimensions/0/topics/6/indicators/1/code,i4025
564,./dimensions/0/topics/6/indicators/1/sourceVersion,3
565,./dimensions/0/topics/6/indicators/1/weight,3
566,./dimensions/0/topics/6/indicators/1/value,9
567,./dimensions/0/topics/6/indicators/1/minValue,0
568,./dimensions/0/topics/6/indicators/1/maxValue,9
569,./dimensions/0/topics/6/indicators/1/level,7
570,./dimensions/0/topics/6/indicators/1/transfValue,100.0
571,./dimensions/0/topics/6/indicators/1/valueExists,1
572,./dimensions/0/topics/6/indicators/1/digits,0
573,./dimensions/0/topics/6/indicators/1/outlier,False
574,./dimensions/0/topics/6/indicators/2/code,i4032
575,./dimensions/0/topics/6/indicators/2/sourceVersion,3
576,./dimensions/0/topics/6/indicators/2/weight,3
577,./dimensions/0/topics/6/indicators/2/value,4
578,./dimensions/0/topics/6/indicators/2/minValue,0
579,./dimensions/0/topics/6/indicators/2/maxValue,6
580,./dimensions/0/topics/6/indicators/2/level,3
581,./dimensions/0/topics/6/indicators/2/transfValue,66.67
582,./dimensions/0/topics/6/indicators/2/valueExists,1
583,./dimensions/0/topics/6/indicators/2/digits,0
584,./dimensions/0/topics/6/indicators/2/outlier,False
585,./dimensions/0/topics/6/indicators/3/code,i4033
586,./dimensions/0/topics/6/indicators/3/sourceVersion,3
587,./dimensions/0/topics/6/indicators/3/weight,3
588,./dimensions/0/topics/6/indicators/3/value,5
589,./dimensions/0/topics/6/indicators/3/minValue,0
590,./dimensions/0/topics/6/indicators/3/maxValue,5
591,./dimensions/0/topics/6/indicators/3/level,7
592,./dimensions/0/topics/6/indicators/3/transfValue,100.0
593,./dimensions/0/topics/6/indicators/3/valueExists,1
594,./dimensions/0/topics/6/indicators/3/digits,0
595,./dimensions/0/topics/6/indicators/3/outlier,False
596,./dimensions/0/topics/7/code,t208
597,./dimensions/0/topics/7/level,5
598,./dimensions/0/topics/7/score,62.5
599,./dimensions/0/topics/7/weight,4
600,./dimensions/0/topics/7/position,0
601,./dimensions/0/topics/7/indicators/0/code,i3016
602,./dimensions/0/topics/7/indicators/0/sourceVersion,3
603,./dimensions/0/topics/7/indicators/0/weight,1
604,./dimensions/0/topics/7/indicators/0/value,8
605,./dimensions/0/topics/7/indicators/0/minValue,0
606,./dimensions/0/topics/7/indicators/0/maxValue,8
607,./dimensions/0/topics/7/indicators/0/level,7
608,./dimensions/0/topics/7/indicators/0/transfValue,100.0
609,./dimensions/0/topics/7/indicators/0/valueExists,1
610,./dimensions/0/topics/7/indicators/0/digits,0
611,./dimensions/0/topics/7/indicators/0/outlier,False
612,./dimensions/0/topics/7/indicators/1/code,i4010
613,./dimensions/0/topics/7/indicators/1/sourceVersion,3
614,./dimensions/0/topics/7/indicators/1/weight,2
615,./dimensions/0/topics/7/indicators/1/value,3
616,./dimensions/0/topics/7/indicators/1/minValue,0
617,./dimensions/0/topics/7/indicators/1/maxValue,4
618,./dimensions/0/topics/7/indicators/1/level,5
619,./dimensions/0/topics/7/indicators/1/transfValue,75.0
620,./dimensions/0/topics/7/indicators/1/valueExists,1
621,./dimensions/0/topics/7/indicators/1/digits,0
622,./dimensions/0/topics/7/indicators/1/outlier,False
623,./dimensions/0/topics/7/indicators/2/code,i4012
624,./dimensions/0/topics/7/indicators/2/sourceVersion,3
625,./dimensions/0/topics/7/indicators/2/weight,1
626,./dimensions/0/topics/7/indicators/2/value,
627,./dimensions/0/topics/7/indicators/2/minValue,0
628,./dimensions/0/topics/7/indicators/2/maxValue,3
629,./dimensions/0/topics/7/indicators/2/level,1
630,./dimensions/0/topics/7/indicators/2/transfValue,0.0
631,./dimensions/0/topics/7/indicators/2/valueExists,0
632,./dimensions/0/topics/7/indicators/2/digits,0
633,./dimensions/0/topics/7/indicators/2/outlier,False
634,./dimensions/0/topics/8/code,t207
635,./dimensions/0/topics/8/level,4
636,./dimensions/0/topics/8/score,55.56
637,./dimensions/0/topics/8/weight,2
638,./dimensions/0/topics/8/position,0
639,./dimensions/0/topics/8/indicators/0/code,i3004
640,./dimensions/0/topics/8/indicators/0/sourceVersion,3
641,./dimensions/0/topics/8/indicators/0/weight,2
642,./dimensions/0/topics/8/indicators/0/value,10
643,./dimensions/0/topics/8/indicators/0/minValue,0
644,./dimensions/0/topics/8/indicators/0/maxValue,18
645,./dimensions/0/topics/8/indicators/0/level,4
646,./dimensions/0/topics/8/indicators/0/transfValue,55.56
647,./dimensions/0/topics/8/indicators/0/valueExists,1
648,./dimensions/0/topics/8/indicators/0/digits,0
649,./dimensions/0/topics/8/indicators/0/outlier,False
650,./dimensions/0/topics/9/code,t202
651,./dimensions/0/topics/9/level,6
652,./dimensions/0/topics/9/score,80.0
653,./dimensions/0/topics/9/weight,1
654,./dimensions/0/topics/9/position,0
655,./dimensions/0/topics/9/indicators/0/code,i3033
656,./dimensions/0/topics/9/indicators/0/sourceVersion,3
657,./dimensions/0/topics/9/indicators/0/weight,1
658,./dimensions/0/topics/9/indicators/0/value,8
659,./dimensions/0/topics/9/indicators/0/minValue,0
660,./dimensions/0/topics/9/indicators/0/maxValue,10
661,./dimensions/0/topics/9/indicators/0/level,5
662,./dimensions/0/topics/9/indicators/0/transfValue,80.0
663,./dimensions/0/topics/9/indicators/0/valueExists,1
664,./dimensions/0/topics/9/indicators/0/digits,0
665,./dimensions/0/topics/9/indicators/0/outlier,False
666,./dimensions/1/code,d4
667,./dimensions/1/level,4
668,./dimensions/1/score,54.05
669,./dimensions/1/weight,69
670,./dimensions/1/topics/0/code,t402
671,./dimensions/1/topics/0/level,4
672,./dimensions/1/topics/0/score,55.08
673,./dimensions/1/topics/0/weight,25
674,./dimensions/1/topics/0/position,0
675,./dimensions/1/topics/0/indicators/0/code,i3003
676,./dimensions/1/topics/0/indicators/0/sourceVersion,3
677,./dimensions/1/topics/0/indicators/0/weight,2
678,./dimensions/1/topics/0/indicators/0/value,29.97658079625293
679,./dimensions/1/topics/0/indicators/0/minValue,0
680,./dimensions/1/topics/0/indicators/0/maxValue,100
681,./dimensions/1/topics/0/indicators/0/level,4
682,./dimensions/1/topics/0/indicators/0/transfValue,29.98
683,./dimensions/1/topics/0/indicators/0/valueExists,1
684,./dimensions/1/topics/0/indicators/0/digits,2
685,./dimensions/1/topics/0/indicators/0/outlier,False
686,./dimensions/1/topics/0/indicators/1/code,i3011
687,./dimensions/1/topics/0/indicators/1/sourceVersion,3
688,./dimensions/1/topics/0/indicators/1/weight,3
689,./dimensions/1/topics/0/indicators/1/value,3.4
690,./dimensions/1/topics/0/indicators/1/minValue,100
691,./dimensions/1/topics/0/indicators/1/maxValue,0
692,./dimensions/1/topics/0/indicators/1/level,5
693,./dimensions/1/topics/0/indicators/1/transfValue,96.6
694,./dimensions/1/topics/0/indicators/1/valueExists,1
695,./dimensions/1/topics/0/indicators/1/digits,1
696,./dimensions/1/topics/0/indicators/1/outlier,False
697,./dimensions/1/topics/0/indicators/2/code,i3086
698,./dimensions/1/topics/0/indicators/2/sourceVersion,3
699,./dimensions/1/topics/0/indicators/2/weight,3
700,./dimensions/1/topics/0/indicators/2/value,5.9
701,./dimensions/1/topics/0/indicators/2/minValue,0
702,./dimensions/1/topics/0/indicators/2/maxValue,10
703,./dimensions/1/topics/0/indicators/2/level,4
704,./dimensions/1/topics/0/indicators/2/transfValue,59.0
705,./dimensions/1/topics/0/indicators/2/valueExists,1
706,./dimensions/1/topics/0/indicators/2/digits,1
707,./dimensions/1/topics/0/indicators/2/outlier,False
708,./dimensions/1/topics/0/indicators/3/code,i3115
709,./dimensions/1/topics/0/indicators/3/sourceVersion,3
710,./dimensions/1/topics/0/indicators/3/weight,3
711,./dimensions/1/topics/0/indicators/3/value,2495.517093899716
712,./dimensions/1/topics/0/indicators/3/minValue,0
713,./dimensions/1/topics/0/indicators/3/maxValue,10000
714,./dimensions/1/topics/0/indicators/3/level,3
715,./dimensions/1/topics/0/indicators/3/transfValue,24.96
716,./dimensions/1/topics/0/indicators/3/valueExists,1
717,./dimensions/1/topics/0/indicators/3/digits,0
718,./dimensions/1/topics/0/indicators/3/outlier,False
719,./dimensions/1/topics/0/indicators/4/code,i4006
720,./dimensions/1/topics/0/indicators/4/sourceVersion,3
721,./dimensions/1/topics/0/indicators/4/weight,2
722,./dimensions/1/topics/0/indicators/4/value,
723,./dimensions/1/topics/0/indicators/4/minValue,0
724,./dimensions/1/topics/0/indicators/4/maxValue,7
725,./dimensions/1/topics/0/indicators/4/level,1
726,./dimensions/1/topics/0/indicators/4/transfValue,0.0
727,./dimensions/1/topics/0/indicators/4/valueExists,0
728,./dimensions/1/topics/0/indicators/4/digits,0
729,./dimensions/1/topics/0/indicators/4/outlier,False
730,./dimensions/1/topics/0/indicators/5/code,i4020
731,./dimensions/1/topics/0/indicators/5/sourceVersion,3
732,./dimensions/1/topics/0/indicators/5/weight,3
733,./dimensions/1/topics/0/indicators/5/value,1
734,./dimensions/1/topics/0/indicators/5/minValue,0
735,./dimensions/1/topics/0/indicators/5/maxValue,4
736,./dimensions/1/topics/0/indicators/5/level,2
737,./dimensions/1/topics/0/indicators/5/transfValue,25.0
738,./dimensions/1/topics/0/indicators/5/valueExists,1
739,./dimensions/1/topics/0/indicators/5/digits,0
740,./dimensions/1/topics/0/indicators/5/outlier,False
741,./dimensions/1/topics/0/indicators/6/code,i4034
742,./dimensions/1/topics/0/indicators/6/sourceVersion,3
743,./dimensions/1/topics/0/indicators/6/weight,3
744,./dimensions/1/topics/0/indicators/6/value,3.9
745,./dimensions/1/topics/0/indicators/6/minValue,100
746,./dimensions/1/topics/0/indicators/6/maxValue,0
747,./dimensions/1/topics/0/indicators/6/level,7
748,./dimensions/1/topics/0/indicators/6/transfValue,96.1
749,./dimensions/1/topics/0/indicators/6/valueExists,1
750,./dimensions/1/topics/0/indicators/6/digits,1
751,./dimensions/1/topics/0/indicators/6/outlier,False
752,./dimensions/1/topics/0/indicators/7/code,i4037
753,./dimensions/1/topics/0/indicators/7/sourceVersion,3
754,./dimensions/1/topics/0/indicators/7/weight,3
755,./dimensions/1/topics/0/indicators/7/value,100.0
756,./dimensions/1/topics/0/indicators/7/minValue,0
757,./dimensions/1/topics/0/indicators/7/maxValue,100
758,./dimensions/1/topics/0/indicators/7/level,7
759,./dimensions/1/topics/0/indicators/7/transfValue,100.0
760,./dimensions/1/topics/0/indicators/7/valueExists,1
761,./dimensions/1/topics/0/indicators/7/digits,2
762,./dimensions/1/topics/0/indicators/7/outlier,False
763,./dimensions/1/topics/0/indicators/8/code,i4048
764,./dimensions/1/topics/0/indicators/8/sourceVersion,3
765,./dimensions/1/topics/0/indicators/8/weight,3
766,./dimensions/1/topics/0/indicators/8/value,3736.473583704647
767,./dimensions/1/topics/0/indicators/8/minValue,0
768,./dimensions/1/topics/0/indicators/8/maxValue,10000
769,./dimensions/1/topics/0/indicators/8/level,5
770,./dimensions/1/topics/0/indicators/8/transfValue,37.36
771,./dimensions/1/topics/0/indicators/8/valueExists,1
772,./dimensions/1/topics/0/indicators/8/digits,0
773,./dimensions/1/topics/0/indicators/8/outlier,False
774,./dimensions/1/topics/1/code,t401
775,./dimensions/1/topics/1/level,5
776,./dimensions/1/topics/1/score,65.08
777,./dimensions/1/topics/1/weight,7
778,./dimensions/1/topics/1/position,0
779,./dimensions/1/topics/1/indicators/0/code,i3077
780,./dimensions/1/topics/1/indicators/0/sourceVersion,3
781,./dimensions/1/topics/1/indicators/0/weight,3
782,./dimensions/1/topics/1/indicators/0/value,23
783,./dimensions/1/topics/1/indicators/0/minValue,0
784,./dimensions/1/topics/1/indicators/0/maxValue,27
785,./dimensions/1/topics/1/indicators/0/level,7
786,./dimensions/1/topics/1/indicators/0/transfValue,85.19
787,./dimensions/1/topics/1/indicators/0/valueExists,1
788,./dimensions/1/topics/1/indicators/0/digits,0
789,./dimensions/1/topics/1/indicators/0/outlier,False
790,./dimensions/1/topics/1/indicators/1/code,i3107
791,./dimensions/1/topics/1/indicators/1/sourceVersion,3
792,./dimensions/1/topics/1/indicators/1/weight,2
793,./dimensions/1/topics/1/indicators/1/value,7
794,./dimensions/1/topics/1/indicators/1/minValue,0
795,./dimensions/1/topics/1/indicators/1/maxValue,7
796,./dimensions/1/topics/1/indicators/1/level,6
797,./dimensions/1/topics/1/indicators/1/transfValue,100.0
798,./dimensions/1/topics/1/indicators/1/valueExists,1
799,./dimensions/1/topics/1/indicators/1/digits,0
800,./dimensions/1/topics/1/indicators/1/outlier,False
801,./dimensions/1/topics/1/indicators/2/code,i3123
802,./dimensions/1/topics/1/indicators/2/sourceVersion,3
803,./dimensions/1/topics/1/indicators/2/weight,1
804,./dimensions/1/topics/1/indicators/2/value,
805,./dimensions/1/topics/1/indicators/2/minValue,0
806,./dimensions/1/topics/1/indicators/2/maxValue,6
807,./dimensions/1/topics/1/indicators/2/level,2
808,./dimensions/1/topics/1/indicators/2/transfValue,0.0
809,./dimensions/1/topics/1/indicators/2/valueExists,0
810,./dimensions/1/topics/1/indicators/2/digits,0
811,./dimensions/1/topics/1/indicators/2/outlier,False
812,./dimensions/1/topics/1/indicators/3/code,i4040
813,./dimensions/1/topics/1/indicators/3/sourceVersion,3
814,./dimensions/1/topics/1/indicators/3/weight,1
815,./dimensions/1/topics/1/indicators/3/value,
816,./dimensions/1/topics/1/indicators/3/minValue,0
817,./dimensions/1/topics/1/indicators/3/maxValue,8
818,./dimensions/1/topics/1/indicators/3/level,2
819,./dimensions/1/topics/1/indicators/3/transfValue,0.0
820,./dimensions/1/topics/1/indicators/3/valueExists,0
821,./dimensions/1/topics/1/indicators/3/digits,0
822,./dimensions/1/topics/1/indicators/3/outlier,False
823,./dimensions/1/topics/2/code,t407
824,./dimensions/1/topics/2/level,4
825,./dimensions/1/topics/2/score,43.02
826,./dimensions/1/topics/2/weight,15
827,./dimensions/1/topics/2/position,0
828,./dimensions/1/topics/2/indicators/0/code,i3006
829,./dimensions/1/topics/2/indicators/0/sourceVersion,3
830,./dimensions/1/topics/2/indicators/0/weight,1
831,./dimensions/1/topics/2/indicators/0/value,
832,./dimensions/1/topics/2/indicators/0/minValue,0
833,./dimensions/1/topics/2/indicators/0/maxValue,9
834,./dimensions/1/topics/2/indicators/0/level,2
835,./dimensions/1/topics/2/indicators/0/transfValue,0.0
836,./dimensions/1/topics/2/indicators/0/valueExists,0
837,./dimensions/1/topics/2/indicators/0/digits,0
838,./dimensions/1/topics/2/indicators/0/outlier,False
839,./dimensions/1/topics/2/indicators/1/code,i3095
840,./dimensions/1/topics/2/indicators/1/sourceVersion,3
841,./dimensions/1/topics/2/indicators/1/weight,3
842,./dimensions/1/topics/2/indicators/1/value,67
843,./dimensions/1/topics/2/indicators/1/minValue,0
844,./dimensions/1/topics/2/indicators/1/maxValue,1500
845,./dimensions/1/topics/2/indicators/1/level,2
846,./dimensions/1/topics/2/indicators/1/transfValue,4.47
847,./dimensions/1/topics/2/indicators/1/valueExists,1
848,./dimensions/1/topics/2/indicators/1/digits,0
849,./dimensions/1/topics/2/indicators/1/outlier,False
850,./dimensions/1/topics/2/indicators/2/code,i3096
851,./dimensions/1/topics/2/indicators/2/sourceVersion,3
852,./dimensions/1/topics/2/indicators/2/weight,3
853,./dimensions/1/topics/2/indicators/2/value,447
854,./dimensions/1/topics/2/indicators/2/minValue,0
855,./dimensions/1/topics/2/indicators/2/maxValue,200
856,./dimensions/1/topics/2/indicators/2/level,7
857,./dimensions/1/topics/2/indicators/2/transfValue,100.0
858,./dimensions/1/topics/2/indicators/2/valueExists,1
859,./dimensions/1/topics/2/indicators/2/digits,0
860,./dimensions/1/topics/2/indicators/2/outlier,False
861,./dimensions/1/topics/2/indicators/3/code,i3125
862,./dimensions/1/topics/2/indicators/3/sourceVersion,3
863,./dimensions/1/topics/2/indicators/3/weight,1
864,./dimensions/1/topics/2/indicators/3/value,
865,./dimensions/1/topics/2/indicators/3/minValue,0
866,./dimensions/1/topics/2/indicators/3/maxValue,2
867,./dimensions/1/topics/2/indicators/3/level,1
868,./dimensions/1/topics/2/indicators/3/transfValue,0.0
869,./dimensions/1/topics/2/indicators/3/valueExists,0
870,./dimensions/1/topics/2/indicators/3/digits,0
871,./dimensions/1/topics/2/indicators/3/outlier,False
872,./dimensions/1/topics/2/indicators/4/code,i4004
873,./dimensions/1/topics/2/indicators/4/sourceVersion,3
874,./dimensions/1/topics/2/indicators/4/weight,1
875,./dimensions/1/topics/2/indicators/4/value,
876,./dimensions/1/topics/2/indicators/4/minValue,0
877,./dimensions/1/topics/2/indicators/4/maxValue,8
878,./dimensions/1/topics/2/indicators/4/level,2
879,./dimensions/1/topics/2/indicators/4/transfValue,0.0
880,./dimensions/1/topics/2/indicators/4/valueExists,0
881,./dimensions/1/topics/2/indicators/4/digits,0
882,./dimensions/1/topics/2/indicators/4/outlier,False
883,./dimensions/1/topics/2/indicators/5/code,i4021
884,./dimensions/1/topics/2/indicators/5/sourceVersion,3
885,./dimensions/1/topics/2/indicators/5/weight,3
886,./dimensions/1/topics/2/indicators/5/value,0.12671836446951004
887,./dimensions/1/topics/2/indicators/5/minValue,1
888,./dimensions/1/topics/2/indicators/5/maxValue,0
889,./dimensions/1/topics/2/indicators/5/level,4
890,./dimensions/1/topics/2/indicators/5/transfValue,87.33
891,./dimensions/1/topics/2/indicators/5/valueExists,1
892,./dimensions/1/topics/2/indicators/5/digits,3
893,./dimensions/1/topics/2/indicators/5/outlier,False
894,./dimensions/1/topics/2/indicators/6/code,i4049
895,./dimensions/1/topics/2/indicators/6/sourceVersion,3
896,./dimensions/1/topics/2/indicators/6/weight,3
897,./dimensions/1/topics/2/indicators/6/value,76.71653241273495
898,./dimensions/1/topics/2/indicators/6/minValue,100
899,./dimensions/1/topics/2/indicators/6/maxValue,0
900,./dimensions/1/topics/2/indicators/6/level,1
901,./dimensions/1/topics/2/indicators/6/transfValue,23.28
902,./dimensions/1/topics/2/indicators/6/valueExists,1
903,./dimensions/1/topics/2/indicators/6/digits,2
904,./dimensions/1/topics/2/indicators/6/outlier,False
905,./dimensions/1/topics/3/code,t408
906,./dimensions/1/topics/3/level,5
907,./dimensions/1/topics/3/score,65.59
908,./dimensions/1/topics/3/weight,7
909,./dimensions/1/topics/3/position,0
910,./dimensions/1/topics/3/indicators/0/code,i3048
911,./dimensions/1/topics/3/indicators/0/sourceVersion,3
912,./dimensions/1/topics/3/indicators/0/weight,1
913,./dimensions/1/topics/3/indicators/0/value,
914,./dimensions/1/topics/3/indicators/0/minValue,0
915,./dimensions/1/topics/3/indicators/0/maxValue,5
916,./dimensions/1/topics/3/indicators/0/level,2
917,./dimensions/1/topics/3/indicators/0/transfValue,0.0
918,./dimensions/1/topics/3/indicators/0/valueExists,0
919,./dimensions/1/topics/3/indicators/0/digits,0
920,./dimensions/1/topics/3/indicators/0/outlier,False
921,./dimensions/1/topics/3/indicators/1/code,i4016
922,./dimensions/1/topics/3/indicators/1/sourceVersion,3
923,./dimensions/1/topics/3/indicators/1/weight,3
924,./dimensions/1/topics/3/indicators/1/value,13.62
925,./dimensions/1/topics/3/indicators/1/minValue,100
926,./dimensions/1/topics/3/indicators/1/maxValue,0
927,./dimensions/1/topics/3/indicators/1/level,5
928,./dimensions/1/topics/3/indicators/1/transfValue,86.38
929,./dimensions/1/topics/3/indicators/1/valueExists,1
930,./dimensions/1/topics/3/indicators/1/digits,2
931,./dimensions/1/topics/3/indicators/1/outlier,False
932,./dimensions/1/topics/3/indicators/2/code,i4017
933,./dimensions/1/topics/3/indicators/2/sourceVersion,3
934,./dimensions/1/topics/3/indicators/2/weight,3
935,./dimensions/1/topics/3/indicators/2/value,6
936,./dimensions/1/topics/3/indicators/2/minValue,0
937,./dimensions/1/topics/3/indicators/2/maxValue,9
938,./dimensions/1/topics/3/indicators/2/level,5
939,./dimensions/1/topics/3/indicators/2/transfValue,66.67
940,./dimensions/1/topics/3/indicators/2/valueExists,1
941,./dimensions/1/topics/3/indicators/2/digits,0
942,./dimensions/1/topics/3/indicators/2/outlier,False
943,./dimensions/1/topics/4/code,t403
944,./dimensions/1/topics/4/level,4
945,./dimensions/1/topics/4/score,53.18
946,./dimensions/1/topics/4/weight,3
947,./dimensions/1/topics/4/position,0
948,./dimensions/1/topics/4/indicators/0/code,i3007
949,./dimensions/1/topics/4/indicators/0/sourceVersion,3
950,./dimensions/1/topics/4/indicators/0/weight,2
951,./dimensions/1/topics/4/indicators/0/value,5
952,./dimensions/1/topics/4/indicators/0/minValue,0
953,./dimensions/1/topics/4/indicators/0/maxValue,7
954,./dimensions/1/topics/4/indicators/0/level,6
955,./dimensions/1/topics/4/indicators/0/transfValue,71.43
956,./dimensions/1/topics/4/indicators/0/valueExists,1
957,./dimensions/1/topics/4/indicators/0/digits,0
958,./dimensions/1/topics/4/indicators/0/outlier,False
959,./dimensions/1/topics/4/indicators/1/code,i4042
960,./dimensions/1/topics/4/indicators/1/sourceVersion,3
961,./dimensions/1/topics/4/indicators/1/weight,1
962,./dimensions/1/topics/4/indicators/1/value,5
963,./dimensions/1/topics/4/indicators/1/minValue,6
964,./dimensions/1/topics/4/indicators/1/maxValue,0
965,./dimensions/1/topics/4/indicators/1/level,1
966,./dimensions/1/topics/4/indicators/1/transfValue,16.67
967,./dimensions/1/topics/4/indicators/1/valueExists,1
968,./dimensions/1/topics/4/indicators/1/digits,0
969,./dimensions/1/topics/4/indicators/1/outlier,False
970,./dimensions/1/topics/5/code,t404
971,./dimensions/1/topics/5/level,5
972,./dimensions/1/topics/5/score,64.0
973,./dimensions/1/topics/5/weight,5
974,./dimensions/1/topics/5/position,0
975,./dimensions/1/topics/5/indicators/0/code,i3039
976,./dimensions/1/topics/5/indicators/0/sourceVersion,3
977,./dimensions/1/topics/5/indicators/0/weight,3
978,./dimensions/1/topics/5/indicators/0/value,2
979,./dimensions/1/topics/5/indicators/0/minValue,0
980,./dimensions/1/topics/5/indicators/0/maxValue,5
981,./dimensions/1/topics/5/indicators/0/level,4
982,./dimensions/1/topics/5/indicators/0/transfValue,40.0
983,./dimensions/1/topics/5/indicators/0/valueExists,1
984,./dimensions/1/topics/5/indicators/0/digits,0
985,./dimensions/1/topics/5/indicators/0/outlier,False
986,./dimensions/1/topics/5/indicators/1/code,i4039
987,./dimensions/1/topics/5/indicators/1/sourceVersion,3
988,./dimensions/1/topics/5/indicators/1/weight,2
989,./dimensions/1/topics/5/indicators/1/value,3
990,./dimensions/1/topics/5/indicators/1/minValue,0
991,./dimensions/1/topics/5/indicators/1/maxValue,3
992,./dimensions/1/topics/5/indicators/1/level,5
993,./dimensions/1/topics/5/indicators/1/transfValue,100.0
994,./dimensions/1/topics/5/indicators/1/valueExists,1
995,./dimensions/1/topics/5/indicators/1/digits,0
996,./dimensions/1/topics/5/indicators/1/outlier,False
997,./dimensions/1/topics/6/code,t405
998,./dimensions/1/topics/6/level,4
999,./dimensions/1/topics/6/score,53.25
1000,./dimensions/1/topics/6/weight,4
1001,./dimensions/1/topics/6/position,0
1002,./dimensions/1/topics/6/indicators/0/code,i4043
1003,./dimensions/1/topics/6/indicators/0/sourceVersion,3
1004,./dimensions/1/topics/6/indicators/0/weight,2
1005,./dimensions/1/topics/6/indicators/0/value,7
1006,./dimensions/1/topics/6/indicators/0/minValue,0
1007,./dimensions/1/topics/6/indicators/0/maxValue,11
1008,./dimensions/1/topics/6/indicators/0/level,5
1009,./dimensions/1/topics/6/indicators/0/transfValue,63.64
1010,./dimensions/1/topics/6/indicators/0/valueExists,1
1011,./dimensions/1/topics/6/indicators/0/digits,0
1012,./dimensions/1/topics/6/indicators/0/outlier,False
1013,./dimensions/1/topics/6/indicators/1/code,i4044
1014,./dimensions/1/topics/6/indicators/1/sourceVersion,3
1015,./dimensions/1/topics/6/indicators/1/weight,2
1016,./dimensions/1/topics/6/indicators/1/value,6
1017,./dimensions/1/topics/6/indicators/1/minValue,0
1018,./dimensions/1/topics/6/indicators/1/maxValue,14
1019,./dimensions/1/topics/6/indicators/1/level,4
1020,./dimensions/1/topics/6/indicators/1/transfValue,42.86
1021,./dimensions/1/topics/6/indicators/1/valueExists,1
1022,./dimensions/1/topics/6/indicators/1/digits,0
1023,./dimensions/1/topics/6/indicators/1/outlier,False
1024,./dimensions/1/topics/7/code,t406
1025,./dimensions/1/topics/7/level,3
1026,./dimensions/1/topics/7/score,33.33
1027,./dimensions/1/topics/7/weight,3
1028,./dimensions/1/topics/7/position,0
1029,./dimensions/1/topics/7/indicators/0/code,i3103
1030,./dimensions/1/topics/7/indicators/0/sourceVersion,3
1031,./dimensions/1/topics/7/indicators/0/weight,2
1032,./dimensions/1/topics/7/indicators/0/value,5
1033,./dimensions/1/topics/7/indicators/0/minValue,0
1034,./dimensions/1/topics/7/indicators/0/maxValue,10
1035,./dimensions/1/topics/7/indicators/0/level,4
1036,./dimensions/1/topics/7/indicators/0/transfValue,50.0
1037,./dimensions/1/topics/7/indicators/0/valueExists,1
1038,./dimensions/1/topics/7/indicators/0/digits,0
1039,./dimensions/1/topics/7/indicators/0/outlier,False
1040,./dimensions/1/topics/7/indicators/1/code,i3147
1041,./dimensions/1/topics/7/indicators/1/sourceVersion,3
1042,./dimensions/1/topics/7/indicators/1/weight,1
1043,./dimensions/1/topics/7/indicators/1/value,0
1044,./dimensions/1/topics/7/indicators/1/minValue,0
1045,./dimensions/1/topics/7/indicators/1/maxValue,4
1046,./dimensions/1/topics/7/indicators/1/level,1
1047,./dimensions/1/topics/7/indicators/1/transfValue,0.0
1048,./dimensions/1/topics/7/indicators/1/valueExists,1
1049,./dimensions/1/topics/7/indicators/1/digits,0
1050,./dimensions/1/topics/7/indicators/1/outlier,False
1051,./dimensions/2/code,d3
1052,./dimensions/2/level,3
1053,./dimensions/2/score,40.28
1054,./dimensions/2/weight,23
1055,./dimensions/2/topics/0/code,t301
1056,./dimensions/2/topics/0/level,5
1057,./dimensions/2/topics/0/score,61.58
1058,./dimensions/2/topics/0/weight,12
1059,./dimensions/2/topics/0/position,0
1060,./dimensions/2/topics/0/indicators/0/code,i3024
1061,./dimensions/2/topics/0/indicators/0/sourceVersion,3
1062,./dimensions/2/topics/0/indicators/0/weight,3
1063,./dimensions/2/topics/0/indicators/0/value,91.35
1064,./dimensions/2/topics/0/indicators/0/minValue,0
1065,./dimensions/2/topics/0/indicators/0/maxValue,100
1066,./dimensions/2/topics/0/indicators/0/level,6
1067,./dimensions/2/topics/0/indicators/0/transfValue,91.35
1068,./dimensions/2/topics/0/indicators/0/valueExists,1
1069,./dimensions/2/topics/0/indicators/0/digits,2
1070,./dimensions/2/topics/0/indicators/0/outlier,False
1071,./dimensions/2/topics/0/indicators/1/code,i3028
1072,./dimensions/2/topics/0/indicators/1/sourceVersion,3
1073,./dimensions/2/topics/0/indicators/1/weight,2
1074,./dimensions/2/topics/0/indicators/1/value,261.1
1075,./dimensions/2/topics/0/indicators/1/minValue,0
1076,./dimensions/2/topics/0/indicators/1/maxValue,250
1077,./dimensions/2/topics/0/indicators/1/level,1
1078,./dimensions/2/topics/0/indicators/1/transfValue,0.0
1079,./dimensions/2/topics/0/indicators/1/valueExists,1
1080,./dimensions/2/topics/0/indicators/1/digits,2
1081,./dimensions/2/topics/0/indicators/1/outlier,False
1082,./dimensions/2/topics/0/indicators/2/code,i3042
1083,./dimensions/2/topics/0/indicators/2/sourceVersion,3
1084,./dimensions/2/topics/0/indicators/2/weight,1
1085,./dimensions/2/topics/0/indicators/2/value,
1086,./dimensions/2/topics/0/indicators/2/minValue,0
1087,./dimensions/2/topics/0/indicators/2/maxValue,6
1088,./dimensions/2/topics/0/indicators/2/level,1
1089,./dimensions/2/topics/0/indicators/2/transfValue,0.0
1090,./dimensions/2/topics/0/indicators/2/valueExists,0
1091,./dimensions/2/topics/0/indicators/2/digits,0
1092,./dimensions/2/topics/0/indicators/2/outlier,False
1093,./dimensions/2/topics/0/indicators/3/code,i3110
1094,./dimensions/2/topics/0/indicators/3/sourceVersion,3
1095,./dimensions/2/topics/0/indicators/3/weight,3
1096,./dimensions/2/topics/0/indicators/3/value,41.66
1097,./dimensions/2/topics/0/indicators/3/minValue,100
1098,./dimensions/2/topics/0/indicators/3/maxValue,0
1099,./dimensions/2/topics/0/indicators/3/level,3
1100,./dimensions/2/topics/0/indicators/3/transfValue,58.34
1101,./dimensions/2/topics/0/indicators/3/valueExists,1
1102,./dimensions/2/topics/0/indicators/3/digits,2
1103,./dimensions/2/topics/0/indicators/3/outlier,False
1104,./dimensions/2/topics/0/indicators/4/code,i4047
1105,./dimensions/2/topics/0/indicators/4/sourceVersion,3
1106,./dimensions/2/topics/0/indicators/4/weight,3
1107,./dimensions/2/topics/0/indicators/4/value,96.62
1108,./dimensions/2/topics/0/indicators/4/minValue,0
1109,./dimensions/2/topics/0/indicators/4/maxValue,100
1110,./dimensions/2/topics/0/indicators/4/level,6
1111,./dimensions/2/topics/0/indicators/4/transfValue,96.62
1112,./dimensions/2/topics/0/indicators/4/valueExists,1
1113,./dimensions/2/topics/0/indicators/4/digits,2
1114,./dimensions/2/topics/0/indicators/4/outlier,False
1115,./dimensions/2/topics/1/code,t305
1116,./dimensions/2/topics/1/level,1
1117,./dimensions/2/topics/1/score,0.0
1118,./dimensions/2/topics/1/weight,4
1119,./dimensions/2/topics/1/position,0
1120,./dimensions/2/topics/1/indicators/0/code,i4007
1121,./dimensions/2/topics/1/indicators/0/sourceVersion,3
1122,./dimensions/2/topics/1/indicators/0/weight,3
1123,./dimensions/2/topics/1/indicators/0/value,
1124,./dimensions/2/topics/1/indicators/0/minValue,0
1125,./dimensions/2/topics/1/indicators/0/maxValue,100
1126,./dimensions/2/topics/1/indicators/0/level,1
1127,./dimensions/2/topics/1/indicators/0/transfValue,0.0
1128,./dimensions/2/topics/1/indicators/0/valueExists,0
1129,./dimensions/2/topics/1/indicators/0/digits,2
1130,./dimensions/2/topics/1/indicators/0/outlier,False
1131,./dimensions/2/topics/1/indicators/1/code,i4014
1132,./dimensions/2/topics/1/indicators/1/sourceVersion,3
1133,./dimensions/2/topics/1/indicators/1/weight,1
1134,./dimensions/2/topics/1/indicators/1/value,
1135,./dimensions/2/topics/1/indicators/1/minValue,0
1136,./dimensions/2/topics/1/indicators/1/maxValue,4
1137,./dimensions/2/topics/1/indicators/1/level,1
1138,./dimensions/2/topics/1/indicators/1/transfValue,0.0
1139,./dimensions/2/topics/1/indicators/1/valueExists,0
1140,./dimensions/2/topics/1/indicators/1/digits,0
1141,./dimensions/2/topics/1/indicators/1/outlier,False
1142,./dimensions/2/topics/2/code,t302
1143,./dimensions/2/topics/2/level,5
1144,./dimensions/2/topics/2/score,62.5
1145,./dimensions/2/topics/2/weight,3
1146,./dimensions/2/topics/2/position,0
1147,./dimensions/2/topics/2/indicators/0/code,i4030
1148,./dimensions/2/topics/2/indicators/0/sourceVersion,3
1149,./dimensions/2/topics/2/indicators/0/weight,3
1150,./dimensions/2/topics/2/indicators/0/value,5
1151,./dimensions/2/topics/2/indicators/0/minValue,0
1152,./dimensions/2/topics/2/indicators/0/maxValue,8
1153,./dimensions/2/topics/2/indicators/0/level,4
1154,./dimensions/2/topics/2/indicators/0/transfValue,62.5
1155,./dimensions/2/topics/2/indicators/0/valueExists,1
1156,./dimensions/2/topics/2/indicators/0/digits,0
1157,./dimensions/2/topics/2/indicators/0/outlier,False
1158,./dimensions/2/topics/3/code,t304
1159,./dimensions/2/topics/3/level,1
1160,./dimensions/2/topics/3/score,0.0
1161,./dimensions/2/topics/3/weight,2
1162,./dimensions/2/topics/3/position,0
1163,./dimensions/2/topics/3/indicators/0/code,i3056
1164,./dimensions/2/topics/3/indicators/0/sourceVersion,3
1165,./dimensions/2/topics/3/indicators/0/weight,1
1166,./dimensions/2/topics/3/indicators/0/value,
1167,./dimensions/2/topics/3/indicators/0/minValue,0
1168,./dimensions/2/topics/3/indicators/0/maxValue,15
1169,./dimensions/2/topics/3/indicators/0/level,1
1170,./dimensions/2/topics/3/indicators/0/transfValue,0.0
1171,./dimensions/2/topics/3/indicators/0/valueExists,0
1172,./dimensions/2/topics/3/indicators/0/digits,0
1173,./dimensions/2/topics/3/indicators/0/outlier,False
1174,./dimensions/2/topics/3/indicators/1/code,i3113
1175,./dimensions/2/topics/3/indicators/1/sourceVersion,3
1176,./dimensions/2/topics/3/indicators/1/weight,1
1177,./dimensions/2/topics/3/indicators/1/value,
1178,./dimensions/2/topics/3/indicators/1/minValue,0
1179,./dimensions/2/topics/3/indicators/1/maxValue,4
1180,./dimensions/2/topics/3/indicators/1/level,1
1181,./dimensions/2/topics/3/indicators/1/transfValue,0.0
1182,./dimensions/2/topics/3/indicators/1/valueExists,0
1183,./dimensions/2/topics/3/indicators/1/digits,0
1184,./dimensions/2/topics/3/indicators/1/outlier,False
1185,./dimensions/2/topics/4/code,t303
1186,./dimensions/2/topics/4/level,1
1187,./dimensions/2/topics/4/score,0.0
1188,./dimensions/2/topics/4/weight,2
1189,./dimensions/2/topics/4/position,0
1190,./dimensions/2/topics/4/indicators/0/code,i3043
1191,./dimensions/2/topics/4/indicators/0/sourceVersion,3
1192,./dimensions/2/topics/4/indicators/0/weight,1
1193,./dimensions/2/topics/4/indicators/0/value,
1194,./dimensions/2/topics/4/indicators/0/minValue,0
1195,./dimensions/2/topics/4/indicators/0/maxValue,9
1196,./dimensions/2/topics/4/indicators/0/level,1
1197,./dimensions/2/topics/4/indicators/0/transfValue,0.0
1198,./dimensions/2/topics/4/indicators/0/valueExists,0
1199,./dimensions/2/topics/4/indicators/0/digits,0
1200,./dimensions/2/topics/4/indicators/0/outlier,False
1201,./dimensions/2/topics/4/indicators/1/code,i3069
1202,./dimensions/2/topics/4/indicators/1/sourceVersion,3
1203,./dimensions/2/topics/4/indicators/1/weight,1
1204,./dimensions/2/topics/4/indicators/1/value,
1205,./dimensions/2/topics/4/indicators/1/minValue,0
1206,./dimensions/2/topics/4/indicators/1/maxValue,2
1207,./dimensions/2/topics/4/indicators/1/level,1
1208,./dimensions/2/topics/4/indicators/1/transfValue,0
1209,./dimensions/2/topics/4/indicators/1/valueExists,0
1210,./dimensions/2/topics/4/indicators/1/digits,0
1211,./dimensions/2/topics/4/indicators/1/outlier,False
1212,./dimensions/3/code,d6
1213,./dimensions/3/level,2
1214,./dimensions/3/score,20.78
1215,./dimensions/3/weight,34
1216,./dimensions/3/topics/0/code,t602
1217,./dimensions/3/topics/0/level,1
1218,./dimensions/3/topics/0/score,0.0
1219,./dimensions/3/topics/0/weight,9
1220,./dimensions/3/topics/0/position,0
1221,./dimensions/3/topics/0/indicators/0/code,i6006
1222,./dimensions/3/topics/0/indicators/0/sourceVersion,3
1223,./dimensions/3/topics/0/indicators/0/weight,3
1224,./dimensions/3/topics/0/indicators/0/value,
1225,./dimensions/3/topics/0/indicators/0/minValue,0
1226,./dimensions/3/topics/0/indicators/0/maxValue,13
1227,./dimensions/3/topics/0/indicators/0/level,1
1228,./dimensions/3/topics/0/indicators/0/transfValue,0.0
1229,./dimensions/3/topics/0/indicators/0/valueExists,0
1230,./dimensions/3/topics/0/indicators/0/digits,0
1231,./dimensions/3/topics/0/indicators/0/outlier,False
1232,./dimensions/3/topics/0/indicators/1/code,i6003
1233,./dimensions/3/topics/0/indicators/1/sourceVersion,3
1234,./dimensions/3/topics/0/indicators/1/weight,3
1235,./dimensions/3/topics/0/indicators/1/value,
1236,./dimensions/3/topics/0/indicators/1/minValue,0
1237,./dimensions/3/topics/0/indicators/1/maxValue,10
1238,./dimensions/3/topics/0/indicators/1/level,1
1239,./dimensions/3/topics/0/indicators/1/transfValue,0.0
1240,./dimensions/3/topics/0/indicators/1/valueExists,0
1241,./dimensions/3/topics/0/indicators/1/digits,0
1242,./dimensions/3/topics/0/indicators/1/outlier,False
1243,./dimensions/3/topics/0/indicators/2/code,i6005
1244,./dimensions/3/topics/0/indicators/2/sourceVersion,3
1245,./dimensions/3/topics/0/indicators/2/weight,3
1246,./dimensions/3/topics/0/indicators/2/value,
1247,./dimensions/3/topics/0/indicators/2/minValue,0
1248,./dimensions/3/topics/0/indicators/2/maxValue,8
1249,./dimensions/3/topics/0/indicators/2/level,1
1250,./dimensions/3/topics/0/indicators/2/transfValue,0.0
1251,./dimensions/3/topics/0/indicators/2/valueExists,0
1252,./dimensions/3/topics/0/indicators/2/digits,0
1253,./dimensions/3/topics/0/indicators/2/outlier,False
1254,./dimensions/3/topics/1/code,t603
1255,./dimensions/3/topics/1/level,1
1256,./dimensions/3/topics/1/score,0.0
1257,./dimensions/3/topics/1/weight,4
1258,./dimensions/3/topics/1/position,0
1259,./dimensions/3/topics/1/indicators/0/code,i6021
1260,./dimensions/3/topics/1/indicators/0/sourceVersion,3
1261,./dimensions/3/topics/1/indicators/0/weight,2
1262,./dimensions/3/topics/1/indicators/0/value,
1263,./dimensions/3/topics/1/indicators/0/minValue,0
1264,./dimensions/3/topics/1/indicators/0/maxValue,5
1265,./dimensions/3/topics/1/indicators/0/level,1
1266,./dimensions/3/topics/1/indicators/0/transfValue,0.0
1267,./dimensions/3/topics/1/indicators/0/valueExists,0
1268,./dimensions/3/topics/1/indicators/0/digits,0
1269,./dimensions/3/topics/1/indicators/0/outlier,False
1270,./dimensions/3/topics/1/indicators/1/code,i6024
1271,./dimensions/3/topics/1/indicators/1/sourceVersion,3
1272,./dimensions/3/topics/1/indicators/1/weight,2
1273,./dimensions/3/topics/1/indicators/1/value,
1274,./dimensions/3/topics/1/indicators/1/minValue,0
1275,./dimensions/3/topics/1/indicators/1/maxValue,14
1276,./dimensions/3/topics/1/indicators/1/level,1
1277,./dimensions/3/topics/1/indicators/1/transfValue,0.0
1278,./dimensions/3/topics/1/indicators/1/valueExists,0
1279,./dimensions/3/topics/1/indicators/1/digits,0
1280,./dimensions/3/topics/1/indicators/1/outlier,False
1281,./dimensions/3/topics/2/code,t604
1282,./dimensions/3/topics/2/level,4
1283,./dimensions/3/topics/2/score,43.34
1284,./dimensions/3/topics/2/weight,8
1285,./dimensions/3/topics/2/position,0
1286,./dimensions/3/topics/2/indicators/0/code,i6048
1287,./dimensions/3/topics/2/indicators/0/sourceVersion,3
1288,./dimensions/3/topics/2/indicators/0/weight,2
1289,./dimensions/3/topics/2/indicators/0/value,
1290,./dimensions/3/topics/2/indicators/0/minValue,0
1291,./dimensions/3/topics/2/indicators/0/maxValue,3
1292,./dimensions/3/topics/2/indicators/0/level,2
1293,./dimensions/3/topics/2/indicators/0/transfValue,0.0
1294,./dimensions/3/topics/2/indicators/0/valueExists,0
1295,./dimensions/3/topics/2/indicators/0/digits,0
1296,./dimensions/3/topics/2/indicators/0/outlier,False
1297,./dimensions/3/topics/2/indicators/1/code,i6056
1298,./dimensions/3/topics/2/indicators/1/sourceVersion,3
1299,./dimensions/3/topics/2/indicators/1/weight,3
1300,./dimensions/3/topics/2/indicators/1/value,10
1301,./dimensions/3/topics/2/indicators/1/minValue,0
1302,./dimensions/3/topics/2/indicators/1/maxValue,18
1303,./dimensions/3/topics/2/indicators/1/level,4
1304,./dimensions/3/topics/2/indicators/1/transfValue,55.56
1305,./dimensions/3/topics/2/indicators/1/valueExists,1
1306,./dimensions/3/topics/2/indicators/1/digits,0
1307,./dimensions/3/topics/2/indicators/1/outlier,False
1308,./dimensions/3/topics/2/indicators/2/code,i6044
1309,./dimensions/3/topics/2/indicators/2/sourceVersion,3
1310,./dimensions/3/topics/2/indicators/2/weight,3
1311,./dimensions/3/topics/2/indicators/2/value,6
1312,./dimensions/3/topics/2/indicators/2/minValue,0
1313,./dimensions/3/topics/2/indicators/2/maxValue,10
1314,./dimensions/3/topics/2/indicators/2/level,5
1315,./dimensions/3/topics/2/indicators/2/transfValue,60.0
1316,./dimensions/3/topics/2/indicators/2/valueExists,1
1317,./dimensions/3/topics/2/indicators/2/digits,0
1318,./dimensions/3/topics/2/indicators/2/outlier,False
1319,./dimensions/3/topics/3/code,t605
1320,./dimensions/3/topics/3/level,1
1321,./dimensions/3/topics/3/score,0.0
1322,./dimensions/3/topics/3/weight,6
1323,./dimensions/3/topics/3/position,0
1324,./dimensions/3/topics/3/indicators/0/code,i6009
1325,./dimensions/3/topics/3/indicators/0/sourceVersion,3
1326,./dimensions/3/topics/3/indicators/0/weight,2
1327,./dimensions/3/topics/3/indicators/0/value,
1328,./dimensions/3/topics/3/indicators/0/minValue,0
1329,./dimensions/3/topics/3/indicators/0/maxValue,4
1330,./dimensions/3/topics/3/indicators/0/level,1
1331,./dimensions/3/topics/3/indicators/0/transfValue,0.0
1332,./dimensions/3/topics/3/indicators/0/valueExists,0
1333,./dimensions/3/topics/3/indicators/0/digits,0
1334,./dimensions/3/topics/3/indicators/0/outlier,False
1335,./dimensions/3/topics/3/indicators/1/code,i6055
1336,./dimensions/3/topics/3/indicators/1/sourceVersion,3
1337,./dimensions/3/topics/3/indicators/1/weight,2
1338,./dimensions/3/topics/3/indicators/1/value,0
1339,./dimensions/3/topics/3/indicators/1/minValue,0
1340,./dimensions/3/topics/3/indicators/1/maxValue,1
1341,./dimensions/3/topics/3/indicators/1/level,1
1342,./dimensions/3/topics/3/indicators/1/transfValue,0.0
1343,./dimensions/3/topics/3/indicators/1/valueExists,1
1344,./dimensions/3/topics/3/indicators/1/digits,0
1345,./dimensions/3/topics/3/indicators/1/outlier,False
1346,./dimensions/3/topics/3/indicators/2/code,i6054
1347,./dimensions/3/topics/3/indicators/2/sourceVersion,3
1348,./dimensions/3/topics/3/indicators/2/weight,2
1349,./dimensions/3/topics/3/indicators/2/value,
1350,./dimensions/3/topics/3/indicators/2/minValue,0
1351,./dimensions/3/topics/3/indicators/2/maxValue,3
1352,./dimensions/3/topics/3/indicators/2/level,1
1353,./dimensions/3/topics/3/indicators/2/transfValue,0.0
1354,./dimensions/3/topics/3/indicators/2/valueExists,0
1355,./dimensions/3/topics/3/indicators/2/digits,0
1356,./dimensions/3/topics/3/indicators/2/outlier,False
1357,./dimensions/3/topics/4/code,t606
1358,./dimensions/3/topics/4/level,4
1359,./dimensions/3/topics/4/score,51.43
1360,./dimensions/3/topics/4/weight,7
1361,./dimensions/3/topics/4/position,0
1362,./dimensions/3/topics/4/indicators/0/code,i6037
1363,./dimensions/3/topics/4/indicators/0/sourceVersion,3
1364,./dimensions/3/topics/4/indicators/0/weight,2
1365,./dimensions/3/topics/4/indicators/0/value,5
1366,./dimensions/3/topics/4/indicators/0/minValue,0
1367,./dimensions/3/topics/4/indicators/0/maxValue,5
1368,./dimensions/3/topics/4/indicators/0/level,5
1369,./dimensions/3/topics/4/indicators/0/transfValue,100.0
1370,./dimensions/3/topics/4/indicators/0/valueExists,1
1371,./dimensions/3/topics/4/indicators/0/digits,0
1372,./dimensions/3/topics/4/indicators/0/outlier,False
1373,./dimensions/3/topics/4/indicators/1/code,i6038
1374,./dimensions/3/topics/4/indicators/1/sourceVersion,3
1375,./dimensions/3/topics/4/indicators/1/weight,2
1376,./dimensions/3/topics/4/indicators/1/value,8
1377,./dimensions/3/topics/4/indicators/1/minValue,0
1378,./dimensions/3/topics/4/indicators/1/maxValue,10
1379,./dimensions/3/topics/4/indicators/1/level,5
1380,./dimensions/3/topics/4/indicators/1/transfValue,80.0
1381,./dimensions/3/topics/4/indicators/1/valueExists,1
1382,./dimensions/3/topics/4/indicators/1/digits,0
1383,./dimensions/3/topics/4/indicators/1/outlier,False
1384,./dimensions/3/topics/4/indicators/2/code,i6035
1385,./dimensions/3/topics/4/indicators/2/sourceVersion,3
1386,./dimensions/3/topics/4/indicators/2/weight,3
1387,./dimensions/3/topics/4/indicators/2/value,
1388,./dimensions/3/topics/4/indicators/2/minValue,0
1389,./dimensions/3/topics/4/indicators/2/maxValue,8
1390,./dimensions/3/topics/4/indicators/2/level,1
1391,./dimensions/3/topics/4/indicators/2/transfValue,0.0
1392,./dimensions/3/topics/4/indicators/2/valueExists,0
1393,./dimensions/3/topics/4/indicators/2/digits,0
1394,./dimensions/3/topics/4/indicators/2/outlier,False
